species,length,weight,w_l_ratio,length_binned,Cluster
1,23.27,2.43,0.1,0-20,3
1,24.15,2.34,0.1,0-20,3
1,25.16,2.87,0.11,0-20,3
1,24.21,2.61,0.11,0-20,3
1,25.0,3.06,0.12,0-20,3
1,22.97,2.55,0.11,0-20,3
1,24.17,2.3,0.1,0-20,3
1,23.81,2.8,0.12,0-20,3
1,24.68,2.42,0.1,0-20,3
1,24.24,2.46,0.1,0-20,3
1,23.78,2.48,0.1,0-20,3
1,23.15,2.76,0.12,0-20,3
1,23.9,3.01,0.13,0-20,3
1,24.96,2.56,0.1,0-20,3
1,25.45,3.23,0.13,0-20,3
1,24.88,2.7,0.11,0-20,3
1,24.44,2.75,0.11,0-20,3
1,23.75,3.0,0.13,0-20,3
1,24.09,3.11,0.13,0-20,3
1,23.62,2.54,0.11,0-20,3
1,25.08,2.53,0.1,0-20,3
1,24.54,2.66,0.11,0-20,3
1,24.21,2.86,0.12,0-20,3
1,23.62,3.17,0.13,0-20,3
1,24.94,2.89,0.12,0-20,3
1,25.46,2.93,0.12,0-20,3
1,25.19,3.23,0.13,0-20,3
1,23.5,2.77,0.12,0-20,3
1,25.08,2.93,0.12,0-20,3
1,23.19,2.88,0.12,0-20,3
1,24.19,2.72,0.11,0-20,3
1,23.93,2.72,0.11,0-20,3
1,24.85,2.34,0.09,0-20,3
1,24.21,2.34,0.1,0-20,3
1,24.67,3.29,0.13,0-20,3
1,25.43,2.24,0.09,0-20,3
1,25.05,2.84,0.11,0-20,3
1,24.89,2.86,0.12,0-20,3
1,25.43,3.13,0.12,0-20,3
1,24.31,2.69,0.11,0-20,3
1,24.78,2.63,0.11,0-20,3
1,24.81,2.78,0.11,0-20,3
1,24.37,2.6,0.11,0-20,3
1,23.5,2.79,0.12,0-20,3
1,23.97,3.03,0.13,0-20,3
1,24.6,3.05,0.12,0-20,3
1,24.59,2.67,0.11,0-20,3
1,25.3,2.8,0.11,0-20,3
1,23.66,3.02,0.13,0-20,3
1,23.64,2.55,0.11,0-20,3
1,24.52,2.77,0.11,0-20,3
1,23.66,2.62,0.11,0-20,3
1,24.64,2.76,0.11,0-20,3
1,24.0,2.69,0.11,0-20,3
1,23.68,2.63,0.11,0-20,3
1,23.52,2.41,0.1,0-20,3
1,24.6,2.66,0.11,0-20,3
1,24.63,3.08,0.12,0-20,3
1,23.83,2.93,0.12,0-20,3
1,23.56,3.15,0.13,0-20,3
1,24.23,2.72,0.11,0-20,3
1,23.71,2.96,0.12,0-20,3
1,24.25,2.74,0.11,0-20,3
1,25.0,2.76,0.11,0-20,3
1,25.08,2.67,0.11,0-20,3
1,25.19,2.9,0.12,0-20,3
1,24.75,2.67,0.11,0-20,3
1,23.7,2.93,0.12,0-20,3
1,23.14,2.43,0.1,0-20,3
1,24.33,2.85,0.12,0-20,3
1,24.37,2.51,0.1,0-20,3
1,25.36,2.82,0.11,0-20,3
1,24.44,2.72,0.11,0-20,3
1,25.15,2.66,0.11,0-20,3
1,24.74,2.09,0.08,0-20,3
1,24.59,2.49,0.1,0-20,3
1,23.49,2.33,0.1,0-20,3
1,23.33,3.15,0.13,0-20,3
1,23.98,3.16,0.13,0-20,3
1,24.98,2.86,0.11,0-20,3
1,23.42,2.44,0.1,0-20,3
1,23.46,2.87,0.12,0-20,3
1,24.89,2.77,0.11,0-20,3
1,25.16,3.0,0.12,0-20,3
1,24.75,2.93,0.12,0-20,3
1,24.74,2.84,0.11,0-20,3
1,24.54,3.43,0.14,0-20,4
1,24.56,2.67,0.11,0-20,3
1,24.66,2.91,0.12,0-20,3
1,24.36,2.85,0.12,0-20,3
1,24.36,2.88,0.12,0-20,3
1,24.41,2.62,0.11,0-20,3
1,24.97,2.63,0.11,0-20,3
1,23.3,2.46,0.11,0-20,3
1,25.28,3.02,0.12,0-20,3
1,23.87,2.72,0.11,0-20,3
1,23.65,2.74,0.12,0-20,3
1,25.64,2.83,0.11,0-20,3
1,24.98,2.52,0.1,0-20,3
1,22.69,2.76,0.12,0-20,3
1,23.51,2.88,0.12,0-20,3
1,24.1,2.71,0.11,0-20,3
1,23.51,2.3,0.1,0-20,3
1,23.46,2.64,0.11,0-20,3
1,24.11,2.94,0.12,0-20,3
1,25.47,2.94,0.12,0-20,3
1,25.44,2.48,0.1,0-20,3
1,24.46,2.83,0.12,0-20,3
1,23.78,2.71,0.11,0-20,3
1,24.5,2.67,0.11,0-20,3
1,23.74,2.75,0.12,0-20,3
1,24.62,3.15,0.13,0-20,3
1,23.05,2.86,0.12,0-20,3
1,24.21,2.95,0.12,0-20,3
1,24.2,2.57,0.11,0-20,3
1,24.97,2.53,0.1,0-20,3
1,23.83,3.03,0.13,0-20,3
1,25.1,2.86,0.11,0-20,3
1,24.56,2.49,0.1,0-20,3
1,24.0,3.07,0.13,0-20,3
1,25.32,2.92,0.12,0-20,3
1,25.48,2.52,0.1,0-20,3
1,23.58,2.58,0.11,0-20,3
1,24.68,2.58,0.1,0-20,3
1,25.05,3.14,0.13,0-20,3
1,24.09,2.82,0.12,0-20,3
1,25.47,2.76,0.11,0-20,3
1,24.55,2.35,0.1,0-20,3
1,25.46,3.36,0.13,0-20,3
1,24.75,2.32,0.09,0-20,3
1,24.74,2.93,0.12,0-20,3
1,23.92,2.97,0.12,0-20,3
1,24.17,2.76,0.11,0-20,3
1,23.47,2.93,0.13,0-20,3
1,24.37,2.74,0.11,0-20,3
1,23.93,2.86,0.12,0-20,3
1,25.68,2.79,0.11,0-20,3
1,24.86,2.85,0.11,0-20,3
1,24.58,2.67,0.11,0-20,3
1,25.59,2.95,0.12,0-20,3
1,24.52,3.18,0.13,0-20,3
1,24.24,2.64,0.11,0-20,3
1,24.63,3.1,0.13,0-20,3
1,24.87,2.74,0.11,0-20,3
1,24.09,2.85,0.12,0-20,3
1,24.16,2.63,0.11,0-20,3
1,24.54,2.77,0.11,0-20,3
1,25.14,2.6,0.1,0-20,3
1,24.72,3.17,0.13,0-20,3
1,23.91,2.56,0.11,0-20,3
1,24.28,2.98,0.12,0-20,3
1,24.29,2.59,0.11,0-20,3
1,24.53,2.65,0.11,0-20,3
1,24.7,2.97,0.12,0-20,3
1,24.86,2.46,0.1,0-20,3
1,24.3,3.16,0.13,0-20,3
1,23.85,2.94,0.12,0-20,3
1,24.71,2.89,0.12,0-20,3
1,24.34,2.77,0.11,0-20,3
1,24.54,2.36,0.1,0-20,3
1,23.9,2.57,0.11,0-20,3
1,24.64,2.98,0.12,0-20,3
1,23.98,3.3,0.14,0-20,3
1,24.0,3.17,0.13,0-20,3
1,24.15,3.12,0.13,0-20,3
1,24.21,2.49,0.1,0-20,3
1,25.17,2.6,0.1,0-20,3
1,24.58,2.51,0.1,0-20,3
1,24.96,2.48,0.1,0-20,3
1,24.22,2.51,0.1,0-20,3
1,25.15,2.82,0.11,0-20,3
1,24.1,2.62,0.11,0-20,3
1,24.23,2.86,0.12,0-20,3
1,24.47,2.9,0.12,0-20,3
1,24.99,2.81,0.11,0-20,3
1,24.1,2.69,0.11,0-20,3
1,23.94,3.02,0.13,0-20,3
1,24.04,3.03,0.13,0-20,3
1,24.82,2.97,0.12,0-20,3
1,25.04,2.68,0.11,0-20,3
1,24.55,2.92,0.12,0-20,3
1,24.62,2.68,0.11,0-20,3
1,24.55,2.77,0.11,0-20,3
1,24.63,2.38,0.1,0-20,3
1,25.62,2.6,0.1,0-20,3
1,24.98,2.72,0.11,0-20,3
1,23.14,2.55,0.11,0-20,3
1,24.1,2.43,0.1,0-20,3
1,24.8,2.46,0.1,0-20,3
1,24.24,2.89,0.12,0-20,3
1,23.79,2.77,0.12,0-20,3
1,24.29,2.4,0.1,0-20,3
1,25.01,2.6,0.1,0-20,3
1,24.5,2.97,0.12,0-20,3
1,25.24,3.15,0.12,0-20,3
1,24.69,2.27,0.09,0-20,3
1,24.38,2.71,0.11,0-20,3
1,23.83,3.02,0.13,0-20,3
1,23.52,3.21,0.14,0-20,3
1,24.81,2.58,0.1,0-20,3
1,23.85,2.49,0.1,0-20,3
1,25.04,2.71,0.11,0-20,3
1,23.41,2.98,0.13,0-20,3
1,24.9,2.68,0.11,0-20,3
1,23.48,2.74,0.12,0-20,3
1,24.69,2.82,0.11,0-20,3
1,24.42,2.6,0.11,0-20,3
1,25.49,2.69,0.11,0-20,3
1,24.03,2.69,0.11,0-20,3
1,25.02,2.64,0.11,0-20,3
1,25.4,2.94,0.12,0-20,3
1,24.43,2.88,0.12,0-20,3
1,24.58,2.23,0.09,0-20,3
1,23.34,2.69,0.12,0-20,3
1,24.97,2.61,0.1,0-20,3
1,23.57,3.2,0.14,0-20,3
1,24.1,2.61,0.11,0-20,3
1,22.98,3.27,0.14,0-20,3
1,24.51,2.74,0.11,0-20,3
1,24.16,2.73,0.11,0-20,3
1,24.71,3.02,0.12,0-20,3
1,25.42,2.88,0.11,0-20,3
1,24.14,2.51,0.1,0-20,3
1,25.76,3.02,0.12,0-20,3
1,23.8,2.5,0.11,0-20,3
1,24.14,2.85,0.12,0-20,3
1,24.59,3.07,0.12,0-20,3
1,25.06,2.9,0.12,0-20,3
1,24.99,2.67,0.11,0-20,3
1,23.92,2.87,0.12,0-20,3
1,24.76,2.86,0.12,0-20,3
1,23.3,2.64,0.11,0-20,3
1,23.97,2.65,0.11,0-20,3
1,24.17,3.01,0.12,0-20,3
1,23.18,2.92,0.13,0-20,3
1,25.02,3.04,0.12,0-20,3
1,24.65,2.82,0.11,0-20,3
1,24.3,2.99,0.12,0-20,3
1,23.99,2.54,0.11,0-20,3
1,24.41,2.96,0.12,0-20,3
1,25.25,2.9,0.11,0-20,3
1,24.76,3.01,0.12,0-20,3
1,24.05,2.3,0.1,0-20,3
1,24.6,2.52,0.1,0-20,3
1,25.53,2.15,0.08,0-20,3
1,23.58,3.0,0.13,0-20,3
1,23.31,3.17,0.14,0-20,3
1,23.15,3.23,0.14,0-20,3
1,24.03,2.94,0.12,0-20,3
1,24.02,2.38,0.1,0-20,3
1,24.39,3.09,0.13,0-20,3
1,23.57,2.84,0.12,0-20,3
1,24.68,2.5,0.1,0-20,3
1,23.6,2.6,0.11,0-20,3
1,23.64,2.74,0.12,0-20,3
1,22.73,2.71,0.12,0-20,3
1,23.72,2.62,0.11,0-20,3
1,25.4,2.46,0.1,0-20,3
1,24.45,3.07,0.13,0-20,3
1,24.08,2.87,0.12,0-20,3
1,24.43,2.62,0.11,0-20,3
1,24.66,2.88,0.12,0-20,3
1,24.65,2.62,0.11,0-20,3
1,25.58,2.57,0.1,0-20,3
1,24.12,2.47,0.1,0-20,3
1,25.28,2.78,0.11,0-20,3
1,24.04,2.73,0.11,0-20,3
1,24.06,3.07,0.13,0-20,3
1,23.22,2.45,0.11,0-20,3
1,23.69,2.27,0.1,0-20,3
1,24.71,2.54,0.1,0-20,3
1,22.62,2.37,0.1,0-20,3
1,25.32,2.85,0.11,0-20,3
1,24.33,2.67,0.11,0-20,3
1,24.88,2.91,0.12,0-20,3
1,24.09,2.2,0.09,0-20,3
1,24.58,2.58,0.11,0-20,3
1,23.45,2.94,0.13,0-20,3
1,22.86,2.73,0.12,0-20,3
1,24.63,2.7,0.11,0-20,3
1,23.35,2.33,0.1,0-20,3
1,25.58,3.12,0.12,0-20,3
1,23.84,2.99,0.13,0-20,3
1,24.66,2.54,0.1,0-20,3
1,24.75,2.57,0.1,0-20,3
1,24.08,2.6,0.11,0-20,3
1,24.62,2.52,0.1,0-20,3
1,24.95,2.8,0.11,0-20,3
1,23.73,2.3,0.1,0-20,3
1,25.11,2.47,0.1,0-20,3
1,24.76,2.75,0.11,0-20,3
1,24.78,2.51,0.1,0-20,3
1,25.25,2.72,0.11,0-20,3
1,23.62,2.72,0.12,0-20,3
1,24.69,2.42,0.1,0-20,3
1,23.94,2.82,0.12,0-20,3
1,24.85,3.55,0.14,0-20,4
1,23.77,2.71,0.11,0-20,3
1,24.13,2.75,0.11,0-20,3
1,23.95,2.41,0.1,0-20,3
1,24.36,3.15,0.13,0-20,3
1,24.19,2.52,0.1,0-20,3
1,25.02,3.0,0.12,0-20,3
1,24.53,2.44,0.1,0-20,3
1,25.36,3.04,0.12,0-20,3
1,24.2,2.65,0.11,0-20,3
1,23.33,3.0,0.13,0-20,3
1,24.05,2.64,0.11,0-20,3
1,23.86,2.5,0.1,0-20,3
1,25.43,2.99,0.12,0-20,3
1,23.6,2.42,0.1,0-20,3
1,24.73,2.95,0.12,0-20,3
1,23.96,2.52,0.11,0-20,3
1,24.28,2.48,0.1,0-20,3
1,24.64,2.66,0.11,0-20,3
1,24.24,2.19,0.09,0-20,3
1,23.3,2.74,0.12,0-20,3
1,24.85,2.81,0.11,0-20,3
1,25.4,2.69,0.11,0-20,3
1,24.25,2.61,0.11,0-20,3
1,24.75,3.0,0.12,0-20,3
1,25.57,2.29,0.09,0-20,3
1,23.94,2.92,0.12,0-20,3
1,24.73,2.9,0.12,0-20,3
1,23.85,2.76,0.12,0-20,3
1,24.04,2.47,0.1,0-20,3
1,24.55,2.78,0.11,0-20,3
1,22.79,3.13,0.14,0-20,3
1,22.86,2.65,0.12,0-20,3
1,24.24,2.45,0.1,0-20,3
1,24.12,2.83,0.12,0-20,3
1,24.67,2.87,0.12,0-20,3
1,24.82,2.92,0.12,0-20,3
1,23.92,2.47,0.1,0-20,3
1,23.81,2.92,0.12,0-20,3
1,24.22,2.97,0.12,0-20,3
1,23.94,2.66,0.11,0-20,3
1,24.34,2.85,0.12,0-20,3
1,24.41,2.88,0.12,0-20,3
1,23.86,2.86,0.12,0-20,3
1,24.46,2.67,0.11,0-20,3
1,24.13,2.83,0.12,0-20,3
1,22.97,3.23,0.14,0-20,3
1,24.62,2.33,0.09,0-20,3
1,25.16,3.04,0.12,0-20,3
1,24.33,2.37,0.1,0-20,3
1,23.05,2.52,0.11,0-20,3
1,24.83,2.89,0.12,0-20,3
1,23.89,2.6,0.11,0-20,3
1,25.0,2.05,0.08,0-20,3
1,23.67,2.42,0.1,0-20,3
1,24.65,2.58,0.1,0-20,3
1,25.72,2.82,0.11,0-20,3
1,24.53,2.51,0.1,0-20,3
1,25.05,2.63,0.1,0-20,3
1,25.13,2.34,0.09,0-20,3
1,23.2,2.73,0.12,0-20,3
1,23.97,3.14,0.13,0-20,3
1,23.29,3.0,0.13,0-20,3
1,23.61,3.06,0.13,0-20,3
1,23.76,2.72,0.11,0-20,3
1,24.87,2.48,0.1,0-20,3
1,23.57,2.71,0.11,0-20,3
1,23.78,2.82,0.12,0-20,3
1,24.53,2.88,0.12,0-20,3
1,24.49,2.75,0.11,0-20,3
1,24.68,2.65,0.11,0-20,3
1,23.86,2.7,0.11,0-20,3
1,24.51,2.88,0.12,0-20,3
1,24.09,2.94,0.12,0-20,3
1,24.25,2.48,0.1,0-20,3
1,23.76,2.45,0.1,0-20,3
1,23.87,2.43,0.1,0-20,3
1,24.81,2.67,0.11,0-20,3
1,23.53,2.61,0.11,0-20,3
1,24.58,3.05,0.12,0-20,3
1,24.54,2.88,0.12,0-20,3
1,24.33,2.98,0.12,0-20,3
1,24.56,2.33,0.1,0-20,3
1,25.02,2.74,0.11,0-20,3
1,23.64,3.15,0.13,0-20,3
1,23.38,2.59,0.11,0-20,3
1,24.83,2.61,0.11,0-20,3
1,24.37,3.1,0.13,0-20,3
1,24.45,2.88,0.12,0-20,3
1,24.05,2.82,0.12,0-20,3
1,23.69,2.46,0.1,0-20,3
1,25.1,2.77,0.11,0-20,3
1,24.73,2.6,0.11,0-20,3
1,24.54,2.63,0.11,0-20,3
1,24.01,3.05,0.13,0-20,3
1,24.27,2.33,0.1,0-20,3
1,22.92,2.33,0.1,0-20,3
1,24.56,3.29,0.13,0-20,3
1,23.54,2.66,0.11,0-20,3
1,24.89,2.81,0.11,0-20,3
1,24.02,2.47,0.1,0-20,3
1,23.79,3.17,0.13,0-20,3
1,25.0,2.81,0.11,0-20,3
1,24.28,2.73,0.11,0-20,3
1,23.26,2.5,0.11,0-20,3
1,24.61,2.59,0.11,0-20,3
1,24.86,2.45,0.1,0-20,3
1,24.49,2.97,0.12,0-20,3
1,25.42,3.05,0.12,0-20,3
1,24.71,3.58,0.14,0-20,4
1,25.17,2.38,0.09,0-20,3
1,23.75,2.4,0.1,0-20,3
1,24.71,2.74,0.11,0-20,3
2,20.07,3.18,0.16,0-20,1
2,17.72,3.18,0.18,0-20,1
2,21.43,3.3,0.15,0-20,1
2,19.14,3.26,0.17,0-20,1
2,17.48,3.17,0.18,0-20,1
2,18.36,3.24,0.18,0-20,1
2,20.0,3.21,0.16,0-20,1
2,19.66,3.16,0.16,0-20,1
2,18.05,3.2,0.18,0-20,1
2,21.6,3.34,0.15,0-20,1
2,20.59,3.32,0.16,0-20,1
2,17.46,3.15,0.18,0-20,1
2,17.96,3.17,0.18,0-20,1
2,17.74,3.18,0.18,0-20,1
2,21.29,3.32,0.16,0-20,1
2,18.79,3.26,0.17,0-20,1
2,17.55,3.18,0.18,0-20,1
2,17.94,3.14,0.17,0-20,1
2,18.53,3.18,0.17,0-20,1
2,18.22,3.22,0.18,0-20,1
2,18.5,3.15,0.17,0-20,1
2,20.17,3.25,0.16,0-20,1
2,20.47,3.3,0.16,0-20,1
2,18.5,3.18,0.17,0-20,1
2,19.97,3.23,0.16,0-20,1
2,19.18,3.2,0.17,0-20,1
2,20.08,3.32,0.17,0-20,1
2,19.82,3.27,0.16,0-20,1
2,17.83,3.1,0.17,0-20,1
2,17.35,3.21,0.18,0-20,1
2,17.36,3.18,0.18,0-20,1
2,18.32,3.32,0.18,0-20,1
2,19.0,3.29,0.17,0-20,1
2,21.31,3.31,0.16,0-20,1
2,18.46,3.14,0.17,0-20,1
2,19.5,3.22,0.17,0-20,1
2,17.51,3.12,0.18,0-20,1
2,20.82,3.3,0.16,0-20,1
2,20.32,3.29,0.16,0-20,1
2,18.05,3.16,0.18,0-20,1
2,19.74,3.19,0.16,0-20,1
2,21.42,3.43,0.16,0-20,4
2,20.17,3.35,0.17,0-20,1
2,19.05,3.15,0.17,0-20,1
2,18.16,3.1,0.17,0-20,1
2,18.03,3.2,0.18,0-20,1
2,18.16,3.2,0.18,0-20,1
2,18.21,3.21,0.18,0-20,1
2,20.48,3.36,0.16,0-20,1
2,19.19,3.16,0.16,0-20,1
2,19.91,3.15,0.16,0-20,1
2,17.68,3.16,0.18,0-20,1
2,18.64,3.14,0.17,0-20,1
2,19.56,3.32,0.17,0-20,1
2,17.58,3.18,0.18,0-20,1
2,17.84,3.21,0.18,0-20,1
2,19.36,3.18,0.16,0-20,1
2,17.86,3.26,0.18,0-20,1
2,18.72,3.19,0.17,0-20,1
2,19.0,3.18,0.17,0-20,1
2,19.55,3.19,0.16,0-20,1
2,19.06,3.26,0.17,0-20,1
2,17.56,3.19,0.18,0-20,1
2,18.0,3.25,0.18,0-20,1
2,19.3,3.32,0.17,0-20,1
2,20.22,3.22,0.16,0-20,1
2,19.16,3.32,0.17,0-20,1
2,18.62,3.2,0.17,0-20,1
2,18.63,3.11,0.17,0-20,1
2,18.53,3.3,0.18,0-20,1
2,19.83,3.36,0.17,0-20,1
2,18.25,3.23,0.18,0-20,1
2,17.94,3.2,0.18,0-20,1
2,17.37,3.17,0.18,0-20,1
2,18.2,3.16,0.17,0-20,1
2,18.02,3.22,0.18,0-20,1
2,18.67,3.18,0.17,0-20,1
2,17.44,3.07,0.18,0-20,1
2,20.86,3.23,0.15,0-20,1
2,18.16,3.27,0.18,0-20,1
2,19.39,3.22,0.17,0-20,1
2,18.89,3.23,0.17,0-20,1
2,20.8,3.24,0.16,0-20,1
2,18.11,3.14,0.17,0-20,1
2,17.38,3.13,0.18,0-20,1
2,17.98,3.17,0.18,0-20,1
2,19.39,3.24,0.17,0-20,1
2,18.39,3.25,0.18,0-20,1
2,17.82,3.02,0.17,0-20,1
2,17.95,3.22,0.18,0-20,1
2,18.71,3.13,0.17,0-20,1
2,18.35,3.16,0.17,0-20,1
2,19.04,3.2,0.17,0-20,1
2,17.78,3.18,0.18,0-20,1
2,21.24,3.31,0.16,0-20,1
2,18.34,3.11,0.17,0-20,1
2,19.08,3.3,0.17,0-20,1
2,21.08,3.24,0.15,0-20,1
2,19.28,3.26,0.17,0-20,1
2,18.2,3.24,0.18,0-20,1
2,20.21,3.29,0.16,0-20,1
2,18.48,3.19,0.17,0-20,1
2,20.13,3.24,0.16,0-20,1
2,17.6,3.22,0.18,0-20,1
2,17.86,3.18,0.18,0-20,1
2,17.87,3.21,0.18,0-20,1
2,18.88,3.21,0.17,0-20,1
2,18.98,3.28,0.17,0-20,1
2,18.65,3.2,0.17,0-20,1
2,20.07,3.24,0.16,0-20,1
2,19.01,3.14,0.17,0-20,1
2,21.36,3.34,0.16,0-20,1
2,18.15,3.29,0.18,0-20,1
2,18.69,3.3,0.18,0-20,1
2,18.27,3.15,0.17,0-20,1
2,18.22,3.16,0.17,0-20,1
2,20.22,3.16,0.16,0-20,1
2,17.42,3.08,0.18,0-20,1
2,19.11,3.27,0.17,0-20,1
2,18.66,3.06,0.16,0-20,1
2,19.3,3.3,0.17,0-20,1
2,19.55,3.2,0.16,0-20,1
2,19.47,3.23,0.17,0-20,1
2,17.41,3.11,0.18,0-20,1
2,18.59,3.22,0.17,0-20,1
2,17.89,3.19,0.18,0-20,1
2,19.68,3.17,0.16,0-20,1
2,19.43,3.26,0.17,0-20,1
2,19.26,3.14,0.16,0-20,1
2,19.72,3.31,0.17,0-20,1
2,18.7,3.15,0.17,0-20,1
2,17.38,3.17,0.18,0-20,1
2,17.39,3.11,0.18,0-20,1
2,18.17,3.12,0.17,0-20,1
2,19.14,3.32,0.17,0-20,1
2,19.17,3.26,0.17,0-20,1
2,18.17,3.2,0.18,0-20,1
2,17.78,3.19,0.18,0-20,1
2,17.39,3.21,0.18,0-20,1
2,20.39,3.41,0.17,0-20,1
2,17.65,3.16,0.18,0-20,1
2,18.08,3.11,0.17,0-20,1
2,20.27,3.36,0.17,0-20,1
2,18.02,3.2,0.18,0-20,1
2,20.38,3.25,0.16,0-20,1
2,17.56,3.18,0.18,0-20,1
2,17.89,3.16,0.18,0-20,1
2,18.57,3.28,0.18,0-20,1
2,19.83,3.23,0.16,0-20,1
2,21.24,3.16,0.15,0-20,1
2,19.1,3.19,0.17,0-20,1
2,19.42,3.18,0.16,0-20,1
2,18.14,3.15,0.17,0-20,1
2,20.93,3.33,0.16,0-20,1
2,18.68,3.23,0.17,0-20,1
2,18.96,3.31,0.17,0-20,1
2,20.29,3.25,0.16,0-20,1
2,18.3,3.18,0.17,0-20,1
2,19.49,3.19,0.16,0-20,1
2,18.42,3.16,0.17,0-20,1
2,18.1,3.18,0.18,0-20,1
2,17.84,3.17,0.18,0-20,1
2,20.58,3.19,0.16,0-20,1
2,19.03,3.2,0.17,0-20,1
2,19.65,3.24,0.16,0-20,1
2,17.67,3.12,0.18,0-20,1
2,18.73,3.21,0.17,0-20,1
2,17.69,3.18,0.18,0-20,1
2,20.96,3.4,0.16,0-20,1
2,18.2,3.15,0.17,0-20,1
2,19.71,3.21,0.16,0-20,1
2,18.09,3.26,0.18,0-20,1
2,19.02,3.2,0.17,0-20,1
2,20.83,3.19,0.15,0-20,1
2,20.54,3.35,0.16,0-20,1
2,17.62,3.18,0.18,0-20,1
2,18.67,3.27,0.18,0-20,1
2,18.05,3.21,0.18,0-20,1
2,17.87,3.25,0.18,0-20,1
2,17.93,3.15,0.18,0-20,1
2,20.11,3.25,0.16,0-20,1
2,17.87,3.11,0.17,0-20,1
2,21.95,3.35,0.15,0-20,4
2,18.64,3.24,0.17,0-20,1
2,18.29,3.17,0.17,0-20,1
2,17.94,3.14,0.18,0-20,1
2,20.08,3.21,0.16,0-20,1
2,20.04,3.21,0.16,0-20,1
2,20.39,3.14,0.15,0-20,1
2,18.58,3.23,0.17,0-20,1
2,20.0,3.12,0.16,0-20,1
2,20.69,3.21,0.16,0-20,1
2,19.02,3.33,0.18,0-20,1
2,17.44,3.2,0.18,0-20,1
2,18.32,3.24,0.18,0-20,1
2,18.85,3.15,0.17,0-20,1
2,19.55,3.26,0.17,0-20,1
2,19.94,3.19,0.16,0-20,1
2,18.75,3.26,0.17,0-20,1
2,17.98,3.21,0.18,0-20,1
2,17.97,3.18,0.18,0-20,1
2,20.82,3.37,0.16,0-20,1
2,20.55,3.21,0.16,0-20,1
2,20.43,3.31,0.16,0-20,1
2,18.97,3.31,0.17,0-20,1
2,20.2,3.24,0.16,0-20,1
2,19.5,3.31,0.17,0-20,1
2,18.11,3.23,0.18,0-20,1
2,17.98,3.2,0.18,0-20,1
2,17.48,3.14,0.18,0-20,1
2,19.24,3.27,0.17,0-20,1
2,19.08,3.19,0.17,0-20,1
2,17.35,3.14,0.18,0-20,1
2,17.78,3.2,0.18,0-20,1
2,19.32,3.2,0.17,0-20,1
2,19.99,3.18,0.16,0-20,1
2,17.72,3.03,0.17,0-20,1
2,17.74,3.16,0.18,0-20,1
2,17.77,3.16,0.18,0-20,1
2,18.46,3.16,0.17,0-20,1
2,18.26,3.22,0.18,0-20,1
2,18.98,3.23,0.17,0-20,1
2,18.39,3.18,0.17,0-20,1
2,21.79,3.27,0.15,0-20,1
2,18.5,3.19,0.17,0-20,1
2,17.8,3.09,0.17,0-20,1
2,20.47,3.13,0.15,0-20,1
2,18.91,3.2,0.17,0-20,1
2,20.18,3.29,0.16,0-20,1
2,18.23,3.24,0.18,0-20,1
2,17.88,3.18,0.18,0-20,1
2,19.63,3.32,0.17,0-20,1
2,17.39,3.1,0.18,0-20,1
2,19.56,3.23,0.17,0-20,1
2,19.38,3.2,0.17,0-20,1
2,19.88,3.31,0.17,0-20,1
2,18.09,3.16,0.17,0-20,1
2,17.68,3.13,0.18,0-20,1
2,20.45,3.3,0.16,0-20,1
2,18.25,3.15,0.17,0-20,1
2,19.33,3.16,0.16,0-20,1
2,19.52,3.26,0.17,0-20,1
2,19.08,3.21,0.17,0-20,1
2,18.07,3.14,0.17,0-20,1
2,17.63,3.16,0.18,0-20,1
2,18.95,3.21,0.17,0-20,1
2,18.4,3.2,0.17,0-20,1
2,20.18,3.22,0.16,0-20,1
2,19.63,3.22,0.16,0-20,1
2,17.5,3.13,0.18,0-20,1
2,17.69,3.27,0.18,0-20,1
2,18.16,3.16,0.17,0-20,1
2,19.26,3.19,0.17,0-20,1
2,18.83,3.16,0.17,0-20,1
2,19.28,3.21,0.17,0-20,1
2,21.33,3.16,0.15,0-20,1
2,18.53,3.2,0.17,0-20,1
2,19.16,3.08,0.16,0-20,1
2,18.19,3.19,0.18,0-20,1
2,18.4,3.18,0.17,0-20,1
2,19.42,3.26,0.17,0-20,1
2,20.1,3.33,0.17,0-20,1
2,19.08,3.22,0.17,0-20,1
2,17.65,3.17,0.18,0-20,1
2,18.22,3.07,0.17,0-20,1
2,20.15,3.29,0.16,0-20,1
2,20.94,3.35,0.16,0-20,1
2,18.32,3.21,0.18,0-20,1
2,17.57,3.26,0.19,0-20,1
2,19.08,3.2,0.17,0-20,1
2,19.94,3.25,0.16,0-20,1
2,17.48,3.15,0.18,0-20,1
2,17.45,3.21,0.18,0-20,1
2,17.47,3.15,0.18,0-20,1
2,18.07,3.23,0.18,0-20,1
2,17.6,3.04,0.17,0-20,1
2,20.14,3.17,0.16,0-20,1
2,18.07,3.22,0.18,0-20,1
2,19.8,3.26,0.16,0-20,1
2,17.56,3.2,0.18,0-20,1
2,19.79,3.23,0.16,0-20,1
2,20.04,3.23,0.16,0-20,1
2,20.79,3.29,0.16,0-20,1
2,17.93,3.19,0.18,0-20,1
2,17.71,3.09,0.17,0-20,1
2,18.59,3.28,0.18,0-20,1
2,18.08,3.21,0.18,0-20,1
2,18.66,3.21,0.17,0-20,1
2,17.55,3.16,0.18,0-20,1
2,20.06,3.31,0.17,0-20,1
2,19.13,3.22,0.17,0-20,1
2,18.94,3.22,0.17,0-20,1
2,18.84,3.12,0.17,0-20,1
2,19.06,3.31,0.17,0-20,1
2,20.48,3.25,0.16,0-20,1
2,20.46,3.26,0.16,0-20,1
2,17.97,3.19,0.18,0-20,1
2,19.91,3.26,0.16,0-20,1
2,17.84,3.16,0.18,0-20,1
2,20.82,3.28,0.16,0-20,1
2,17.84,3.14,0.18,0-20,1
2,18.51,3.19,0.17,0-20,1
2,18.64,3.2,0.17,0-20,1
2,18.24,3.16,0.17,0-20,1
2,18.46,3.13,0.17,0-20,1
2,18.07,3.27,0.18,0-20,1
2,20.43,3.25,0.16,0-20,1
2,18.19,3.12,0.17,0-20,1
2,19.54,3.19,0.16,0-20,1
2,19.14,3.12,0.16,0-20,1
2,19.89,3.16,0.16,0-20,1
2,18.38,3.16,0.17,0-20,1
2,17.99,3.07,0.17,0-20,1
2,19.9,3.25,0.16,0-20,1
2,18.14,3.25,0.18,0-20,1
2,18.19,3.23,0.18,0-20,1
2,17.7,3.21,0.18,0-20,1
2,17.51,3.14,0.18,0-20,1
2,21.02,3.35,0.16,0-20,1
2,19.88,3.29,0.17,0-20,1
2,18.89,3.17,0.17,0-20,1
2,19.27,3.22,0.17,0-20,1
2,17.4,3.1,0.18,0-20,1
2,18.38,3.18,0.17,0-20,1
2,18.28,3.22,0.18,0-20,1
2,20.89,3.36,0.16,0-20,1
2,18.16,3.12,0.17,0-20,1
2,19.33,3.17,0.16,0-20,1
2,17.74,3.24,0.18,0-20,1
2,19.27,3.17,0.16,0-20,1
2,19.75,3.21,0.16,0-20,1
2,18.43,3.16,0.17,0-20,1
2,17.54,3.19,0.18,0-20,1
2,18.43,3.19,0.17,0-20,1
2,17.77,3.09,0.17,0-20,1
2,19.72,3.21,0.16,0-20,1
2,19.41,3.24,0.17,0-20,1
2,19.54,3.24,0.17,0-20,1
2,20.13,3.38,0.17,0-20,1
2,19.12,3.17,0.17,0-20,1
2,20.39,3.37,0.17,0-20,1
2,18.24,3.13,0.17,0-20,1
2,18.18,3.13,0.17,0-20,1
2,20.54,3.28,0.16,0-20,1
2,19.57,3.22,0.16,0-20,1
2,19.27,3.24,0.17,0-20,1
2,18.87,3.32,0.18,0-20,1
2,17.54,3.14,0.18,0-20,1
2,18.59,3.15,0.17,0-20,1
2,18.14,3.08,0.17,0-20,1
2,20.32,3.28,0.16,0-20,1
2,18.52,3.2,0.17,0-20,1
2,19.44,3.24,0.17,0-20,1
2,19.27,3.18,0.17,0-20,1
2,17.97,3.24,0.18,0-20,1
2,18.31,3.2,0.17,0-20,1
2,19.58,3.31,0.17,0-20,1
2,18.46,3.24,0.18,0-20,1
2,21.71,3.22,0.15,0-20,1
2,18.7,3.14,0.17,0-20,1
2,18.12,3.22,0.18,0-20,1
2,17.72,3.12,0.18,0-20,1
2,18.27,3.22,0.18,0-20,1
2,17.91,3.07,0.17,0-20,1
2,19.62,3.41,0.17,0-20,1
2,20.96,3.27,0.16,0-20,1
2,21.31,3.19,0.15,0-20,1
2,18.05,3.17,0.18,0-20,1
2,20.32,3.26,0.16,0-20,1
2,18.09,3.13,0.17,0-20,1
2,21.06,3.31,0.16,0-20,1
2,19.96,3.24,0.16,0-20,1
2,17.39,3.14,0.18,0-20,1
2,21.35,3.2,0.15,0-20,1
3,22.82,3.84,0.17,0-20,4
3,21.98,3.94,0.18,0-20,4
3,21.55,3.96,0.18,0-20,4
3,19.22,3.72,0.19,0-20,4
3,19.91,3.97,0.2,0-20,4
3,23.21,3.88,0.17,0-20,4
3,19.77,3.75,0.19,0-20,4
3,21.56,3.93,0.18,0-20,4
3,21.8,3.8,0.17,0-20,4
3,21.57,3.88,0.18,0-20,4
3,21.08,4.07,0.19,0-20,4
3,22.8,3.85,0.17,0-20,4
3,22.61,3.84,0.17,0-20,4
3,21.82,3.9,0.18,0-20,4
3,22.34,3.81,0.17,0-20,4
3,22.63,3.97,0.18,0-20,4
3,21.63,4.07,0.19,0-20,4
3,22.81,3.63,0.16,0-20,4
3,21.53,3.77,0.18,0-20,4
3,23.12,3.83,0.17,0-20,4
3,23.5,3.84,0.16,0-20,4
3,20.54,3.91,0.19,0-20,4
3,21.31,3.78,0.18,0-20,4
3,22.63,3.82,0.17,0-20,4
3,22.62,4.2,0.19,0-20,4
3,21.09,3.72,0.18,0-20,4
3,19.32,3.93,0.2,0-20,4
3,20.36,3.63,0.18,0-20,4
3,19.26,3.77,0.2,0-20,4
3,23.31,3.91,0.17,0-20,4
3,23.7,4.05,0.17,0-20,4
3,20.42,3.78,0.19,0-20,4
3,21.88,3.85,0.18,0-20,4
3,21.29,3.95,0.19,0-20,4
3,20.88,3.89,0.19,0-20,4
3,18.64,3.97,0.21,0-20,4
3,22.98,3.83,0.17,0-20,4
3,23.32,3.92,0.17,0-20,4
3,20.06,3.81,0.19,0-20,4
3,23.42,3.83,0.16,0-20,4
3,20.34,3.76,0.18,0-20,4
3,20.44,3.96,0.19,0-20,4
3,20.69,3.69,0.18,0-20,4
3,20.98,3.69,0.18,0-20,4
3,19.5,3.68,0.19,0-20,4
3,23.9,4.24,0.18,0-20,4
3,22.21,3.77,0.17,0-20,4
3,24.02,3.75,0.16,0-20,4
3,23.31,4.1,0.18,0-20,4
3,21.4,3.79,0.18,0-20,4
3,20.38,3.69,0.18,0-20,4
3,20.77,3.73,0.18,0-20,4
3,22.01,3.9,0.18,0-20,4
3,20.14,3.77,0.19,0-20,4
3,23.01,3.65,0.16,0-20,4
3,21.71,3.75,0.17,0-20,4
3,21.86,3.88,0.18,0-20,4
3,23.15,4.05,0.17,0-20,4
3,20.81,3.81,0.18,0-20,4
3,23.59,3.75,0.16,0-20,4
3,23.01,4.02,0.17,0-20,4
3,20.98,3.85,0.18,0-20,4
3,22.14,4.09,0.18,0-20,4
3,23.64,4.11,0.17,0-20,4
3,20.92,3.84,0.18,0-20,4
3,21.48,3.77,0.18,0-20,4
3,24.19,4.03,0.17,0-20,4
3,20.65,3.57,0.17,0-20,4
3,22.23,3.86,0.17,0-20,4
3,22.13,3.9,0.18,0-20,4
3,22.15,3.68,0.17,0-20,4
3,23.27,3.68,0.16,0-20,4
3,20.68,3.78,0.18,0-20,4
3,22.91,3.89,0.17,0-20,4
3,20.66,4.06,0.2,0-20,4
3,22.62,4.02,0.18,0-20,4
3,19.6,3.88,0.2,0-20,4
3,20.85,3.8,0.18,0-20,4
3,20.22,3.8,0.19,0-20,4
3,19.33,3.87,0.2,0-20,4
3,23.45,3.71,0.16,0-20,4
3,21.84,3.84,0.18,0-20,4
3,22.51,3.98,0.18,0-20,4
3,23.53,4.02,0.17,0-20,4
3,20.91,3.89,0.19,0-20,4
3,22.91,3.67,0.16,0-20,4
3,22.58,3.84,0.17,0-20,4
3,23.12,3.8,0.16,0-20,4
3,22.76,4.1,0.18,0-20,4
3,22.91,3.85,0.17,0-20,4
3,20.21,3.64,0.18,0-20,4
3,22.62,3.51,0.16,0-20,4
3,23.23,3.9,0.17,0-20,4
3,22.68,3.92,0.17,0-20,4
3,22.63,3.95,0.17,0-20,4
3,22.03,3.87,0.18,0-20,4
3,19.64,3.9,0.2,0-20,4
3,23.2,3.75,0.16,0-20,4
3,19.97,3.82,0.19,0-20,4
3,22.56,3.94,0.17,0-20,4
3,22.32,3.87,0.17,0-20,4
3,18.64,3.53,0.19,0-20,1
3,20.27,3.86,0.19,0-20,4
3,20.48,3.93,0.19,0-20,4
3,19.89,3.86,0.19,0-20,4
3,19.79,3.82,0.19,0-20,4
3,19.77,3.61,0.18,0-20,4
3,22.55,3.97,0.18,0-20,4
3,21.44,3.54,0.17,0-20,4
3,22.11,3.77,0.17,0-20,4
3,20.57,3.92,0.19,0-20,4
3,19.43,3.58,0.18,0-20,1
3,22.77,3.77,0.17,0-20,4
3,22.09,3.81,0.17,0-20,4
3,20.25,3.82,0.19,0-20,4
3,22.45,4.03,0.18,0-20,4
3,22.16,3.91,0.18,0-20,4
3,24.04,3.76,0.16,0-20,4
3,20.91,3.86,0.18,0-20,4
3,20.06,3.73,0.19,0-20,4
3,23.53,3.83,0.16,0-20,4
3,21.33,3.89,0.18,0-20,4
3,20.55,3.8,0.18,0-20,4
3,20.15,3.85,0.19,0-20,4
3,21.73,3.83,0.18,0-20,4
3,22.6,3.87,0.17,0-20,4
3,22.4,3.88,0.17,0-20,4
3,23.55,3.75,0.16,0-20,4
3,21.91,3.8,0.17,0-20,4
3,21.65,3.68,0.17,0-20,4
3,22.85,3.93,0.17,0-20,4
3,22.73,3.85,0.17,0-20,4
3,22.76,3.66,0.16,0-20,4
3,22.02,3.85,0.17,0-20,4
3,23.56,3.89,0.16,0-20,4
3,19.58,3.87,0.2,0-20,4
3,23.25,4.08,0.18,0-20,4
3,22.91,3.97,0.17,0-20,4
3,21.48,4.02,0.19,0-20,4
3,22.52,3.9,0.17,0-20,4
3,22.49,3.81,0.17,0-20,4
3,23.07,3.93,0.17,0-20,4
3,23.44,3.88,0.17,0-20,4
3,22.01,3.92,0.18,0-20,4
3,23.89,3.83,0.16,0-20,4
3,22.15,3.94,0.18,0-20,4
3,22.43,3.76,0.17,0-20,4
3,21.98,3.84,0.17,0-20,4
3,19.65,3.93,0.2,0-20,4
3,22.45,3.75,0.17,0-20,4
3,20.46,3.9,0.19,0-20,4
3,20.69,3.76,0.18,0-20,4
3,21.08,3.89,0.18,0-20,4
3,22.35,3.7,0.17,0-20,4
3,21.1,3.88,0.18,0-20,4
3,18.94,3.87,0.2,0-20,4
3,22.52,3.94,0.18,0-20,4
3,23.53,3.79,0.16,0-20,4
3,23.04,3.95,0.17,0-20,4
3,19.78,3.7,0.19,0-20,4
3,20.27,3.87,0.19,0-20,4
3,22.88,3.93,0.17,0-20,4
3,22.47,3.97,0.18,0-20,4
3,22.94,4.04,0.18,0-20,4
3,22.6,3.79,0.17,0-20,4
3,21.39,3.79,0.18,0-20,4
3,19.62,3.74,0.19,0-20,4
3,20.65,3.91,0.19,0-20,4
3,23.07,3.87,0.17,0-20,4
3,23.79,3.9,0.16,0-20,4
3,20.45,3.75,0.18,0-20,4
3,21.47,3.82,0.18,0-20,4
3,21.34,3.77,0.18,0-20,4
3,21.23,3.65,0.17,0-20,4
3,23.44,3.97,0.17,0-20,4
3,22.19,3.94,0.18,0-20,4
3,19.9,3.79,0.19,0-20,4
3,23.52,3.91,0.17,0-20,4
3,19.54,3.85,0.2,0-20,4
3,22.48,3.71,0.17,0-20,4
3,20.81,4.03,0.19,0-20,4
3,21.52,3.78,0.18,0-20,4
3,20.65,3.66,0.18,0-20,4
3,20.49,3.79,0.18,0-20,4
3,21.15,4.11,0.19,0-20,4
3,20.27,3.68,0.18,0-20,4
3,21.74,4.08,0.19,0-20,4
3,23.09,3.75,0.16,0-20,4
3,22.93,3.9,0.17,0-20,4
3,23.08,3.88,0.17,0-20,4
3,21.74,3.79,0.17,0-20,4
3,21.4,3.76,0.18,0-20,4
3,20.28,3.76,0.19,0-20,4
3,22.22,3.75,0.17,0-20,4
3,20.09,3.93,0.2,0-20,4
3,22.12,3.86,0.17,0-20,4
3,23.6,3.64,0.15,0-20,4
3,22.77,3.97,0.17,0-20,4
3,18.66,3.78,0.2,0-20,4
3,21.71,3.98,0.18,0-20,4
3,23.22,3.72,0.16,0-20,4
3,20.61,3.77,0.18,0-20,4
3,22.77,4.03,0.18,0-20,4
3,22.49,3.89,0.17,0-20,4
3,22.82,3.94,0.17,0-20,4
3,22.53,3.76,0.17,0-20,4
3,19.75,3.63,0.18,0-20,4
3,22.41,3.88,0.17,0-20,4
3,21.23,3.53,0.17,0-20,4
3,20.53,3.83,0.19,0-20,4
3,20.16,3.98,0.2,0-20,4
3,20.25,3.75,0.19,0-20,4
3,21.76,3.77,0.17,0-20,4
3,20.32,3.64,0.18,0-20,4
3,23.74,3.89,0.16,0-20,4
3,19.33,3.88,0.2,0-20,4
3,20.83,3.98,0.19,0-20,4
3,19.62,3.83,0.2,0-20,4
3,23.48,3.7,0.16,0-20,4
3,22.41,3.86,0.17,0-20,4
3,23.8,3.74,0.16,0-20,4
3,23.1,3.95,0.17,0-20,4
3,19.07,3.78,0.2,0-20,4
3,19.94,3.8,0.19,0-20,4
3,21.11,4.04,0.19,0-20,4
3,20.54,3.87,0.19,0-20,4
3,22.56,4.04,0.18,0-20,4
3,19.76,3.83,0.19,0-20,4
3,23.78,3.99,0.17,0-20,4
3,21.1,3.77,0.18,0-20,4
3,22.95,3.77,0.16,0-20,4
3,23.5,3.87,0.16,0-20,4
3,23.09,3.92,0.17,0-20,4
3,20.6,4.05,0.2,0-20,4
3,22.81,4.0,0.18,0-20,4
3,21.98,3.91,0.18,0-20,4
3,20.27,3.82,0.19,0-20,4
3,20.0,3.82,0.19,0-20,4
3,22.3,3.87,0.17,0-20,4
3,23.12,3.87,0.17,0-20,4
3,23.33,3.81,0.16,0-20,4
3,21.48,3.96,0.18,0-20,4
3,23.32,3.47,0.15,0-20,4
3,22.46,3.94,0.18,0-20,4
3,20.83,4.08,0.2,0-20,4
3,21.74,3.93,0.18,0-20,4
3,22.07,3.72,0.17,0-20,4
3,23.97,3.93,0.16,0-20,4
3,18.77,3.67,0.2,0-20,4
3,20.62,3.89,0.19,0-20,4
3,20.43,3.75,0.18,0-20,4
3,22.19,4.07,0.18,0-20,4
3,22.3,3.91,0.18,0-20,4
3,23.29,3.92,0.17,0-20,4
3,21.42,3.85,0.18,0-20,4
3,22.96,4.01,0.17,0-20,4
3,21.45,3.8,0.18,0-20,4
3,23.41,3.86,0.16,0-20,4
3,20.08,3.97,0.2,0-20,4
3,18.97,3.82,0.2,0-20,4
3,22.7,3.67,0.16,0-20,4
3,21.71,3.88,0.18,0-20,4
3,23.46,3.97,0.17,0-20,4
3,23.58,3.87,0.16,0-20,4
3,23.1,3.91,0.17,0-20,4
3,20.8,3.76,0.18,0-20,4
3,22.51,3.86,0.17,0-20,4
3,19.33,3.77,0.2,0-20,4
3,22.3,4.05,0.18,0-20,4
3,19.89,3.87,0.19,0-20,4
3,22.5,3.92,0.17,0-20,4
3,20.73,3.72,0.18,0-20,4
3,20.36,4.14,0.2,0-20,4
3,23.82,3.8,0.16,0-20,4
3,22.19,3.88,0.17,0-20,4
3,21.64,3.92,0.18,0-20,4
3,19.73,3.63,0.18,0-20,4
3,24.35,4.14,0.17,0-20,4
3,24.09,3.66,0.15,0-20,4
3,21.38,3.66,0.17,0-20,4
3,20.67,3.83,0.19,0-20,4
3,22.62,3.79,0.17,0-20,4
3,22.73,3.83,0.17,0-20,4
3,19.65,3.83,0.19,0-20,4
3,22.92,4.12,0.18,0-20,4
3,23.16,3.7,0.16,0-20,4
3,22.32,3.78,0.17,0-20,4
3,22.54,3.78,0.17,0-20,4
3,21.27,3.96,0.19,0-20,4
3,20.14,3.55,0.18,0-20,4
3,22.55,4.04,0.18,0-20,4
3,22.77,4.05,0.18,0-20,4
3,22.72,3.68,0.16,0-20,4
3,22.44,3.9,0.17,0-20,4
3,22.35,3.84,0.17,0-20,4
3,23.94,3.84,0.16,0-20,4
3,19.21,3.65,0.19,0-20,4
3,22.43,3.89,0.17,0-20,4
3,23.62,3.94,0.17,0-20,4
3,22.69,3.97,0.17,0-20,4
3,24.3,3.99,0.16,0-20,4
3,20.14,3.9,0.19,0-20,4
3,22.08,3.85,0.17,0-20,4
3,22.16,3.84,0.17,0-20,4
3,22.75,3.76,0.17,0-20,4
3,23.93,3.68,0.15,0-20,4
3,22.51,3.93,0.17,0-20,4
3,22.57,3.69,0.16,0-20,4
3,22.23,3.84,0.17,0-20,4
3,23.82,4.03,0.17,0-20,4
3,22.61,3.92,0.17,0-20,4
3,22.76,3.86,0.17,0-20,4
3,20.68,3.74,0.18,0-20,4
3,20.8,3.87,0.19,0-20,4
3,23.2,3.85,0.17,0-20,4
3,22.12,3.83,0.17,0-20,4
3,22.15,3.79,0.17,0-20,4
3,21.52,3.72,0.17,0-20,4
3,22.95,3.86,0.17,0-20,4
3,19.67,3.92,0.2,0-20,4
3,21.49,3.9,0.18,0-20,4
3,22.93,3.87,0.17,0-20,4
3,20.14,3.72,0.18,0-20,4
3,23.17,3.92,0.17,0-20,4
3,19.87,3.75,0.19,0-20,4
3,19.98,3.91,0.2,0-20,4
3,22.07,3.57,0.16,0-20,4
3,23.23,4.06,0.17,0-20,4
3,20.43,3.86,0.19,0-20,4
3,21.32,3.66,0.17,0-20,4
3,23.27,3.78,0.16,0-20,4
3,21.5,3.83,0.18,0-20,4
3,20.96,3.89,0.19,0-20,4
3,22.29,3.76,0.17,0-20,4
3,21.56,3.81,0.18,0-20,4
3,22.98,3.66,0.16,0-20,4
3,22.22,3.98,0.18,0-20,4
3,21.45,3.89,0.18,0-20,4
3,20.56,3.75,0.18,0-20,4
3,23.33,3.68,0.16,0-20,4
3,22.07,3.7,0.17,0-20,4
3,19.2,3.76,0.2,0-20,4
3,21.8,3.93,0.18,0-20,4
3,23.53,3.63,0.15,0-20,4
3,22.6,3.83,0.17,0-20,4
3,23.33,3.86,0.17,0-20,4
3,20.73,3.84,0.19,0-20,4
3,21.22,3.92,0.18,0-20,4
3,22.9,3.88,0.17,0-20,4
3,21.92,3.94,0.18,0-20,4
3,22.88,4.1,0.18,0-20,4
3,22.04,3.95,0.18,0-20,4
3,21.89,3.69,0.17,0-20,4
3,20.67,3.87,0.19,0-20,4
3,22.02,3.78,0.17,0-20,4
3,23.58,3.67,0.16,0-20,4
3,19.36,3.83,0.2,0-20,4
3,20.87,3.78,0.18,0-20,4
3,24.31,3.65,0.15,0-20,4
3,22.85,4.06,0.18,0-20,4
3,22.2,3.79,0.17,0-20,4
3,21.05,4.01,0.19,0-20,4
3,20.08,3.84,0.19,0-20,4
3,19.43,3.85,0.2,0-20,4
3,19.38,3.87,0.2,0-20,4
3,20.41,3.91,0.19,0-20,4
3,22.49,3.85,0.17,0-20,4
3,23.14,3.96,0.17,0-20,4
3,22.81,3.87,0.17,0-20,4
3,21.44,3.96,0.18,0-20,4
3,20.63,3.85,0.19,0-20,4
3,19.97,3.79,0.19,0-20,4
3,20.59,3.65,0.18,0-20,4
3,23.3,3.89,0.17,0-20,4
3,21.78,3.78,0.17,0-20,4
3,19.29,3.76,0.19,0-20,4
3,19.45,3.92,0.2,0-20,4
3,19.28,3.72,0.19,0-20,4
3,22.06,3.8,0.17,0-20,4
3,22.58,3.88,0.17,0-20,4
3,23.68,4.02,0.17,0-20,4
3,23.67,3.87,0.16,0-20,4
3,21.44,3.74,0.17,0-20,4
3,19.19,3.77,0.2,0-20,4
3,22.02,3.87,0.18,0-20,4
3,22.42,4.01,0.18,0-20,4
3,23.19,3.84,0.17,0-20,4
3,22.81,3.67,0.16,0-20,4
3,20.64,3.91,0.19,0-20,4
3,22.7,3.93,0.17,0-20,4
3,22.92,3.74,0.16,0-20,4
3,21.79,4.0,0.18,0-20,4
3,20.38,3.91,0.19,0-20,4
3,21.52,3.9,0.18,0-20,4
3,19.12,3.71,0.19,0-20,4
3,20.42,3.91,0.19,0-20,4
3,23.32,3.91,0.17,0-20,4
3,19.31,3.75,0.19,0-20,4
3,21.6,3.82,0.18,0-20,4
3,23.52,3.78,0.16,0-20,4
3,22.71,3.85,0.17,0-20,4
3,22.87,3.95,0.17,0-20,4
3,23.04,3.87,0.17,0-20,4
3,20.51,3.88,0.19,0-20,4
3,23.25,3.97,0.17,0-20,4
3,23.21,4.21,0.18,0-20,4
3,22.88,3.9,0.17,0-20,4
3,20.54,3.82,0.19,0-20,4
3,22.48,3.7,0.16,0-20,4
3,22.2,3.83,0.17,0-20,4
3,21.46,3.75,0.17,0-20,4
3,22.25,3.76,0.17,0-20,4
3,22.97,3.7,0.16,0-20,4
3,22.37,3.94,0.18,0-20,4
3,23.61,3.85,0.16,0-20,4
3,21.27,4.08,0.19,0-20,4
3,23.12,3.94,0.17,0-20,4
3,21.55,3.83,0.18,0-20,4
3,21.69,4.02,0.19,0-20,4
3,21.18,3.87,0.18,0-20,4
3,23.4,4.03,0.17,0-20,4
3,19.35,3.78,0.2,0-20,4
3,22.15,3.95,0.18,0-20,4
3,21.83,3.95,0.18,0-20,4
3,19.84,3.77,0.19,0-20,4
3,24.12,3.51,0.15,0-20,4
3,23.99,4.09,0.17,0-20,4
3,22.77,3.98,0.17,0-20,4
7,17.35,3.11,0.18,0-20,1
7,18.01,3.16,0.18,0-20,1
7,17.43,3.21,0.18,0-20,1
7,18.23,3.2,0.18,0-20,1
7,19.25,3.14,0.16,0-20,1
7,18.46,3.32,0.18,0-20,1
7,19.33,3.14,0.16,0-20,1
7,17.53,3.12,0.18,0-20,1
7,18.16,3.11,0.17,0-20,1
7,17.67,3.07,0.17,0-20,1
7,18.26,3.06,0.17,0-20,1
7,17.5,3.12,0.18,0-20,1
7,18.34,3.4,0.19,0-20,1
7,17.83,2.91,0.16,0-20,1
7,17.65,3.21,0.18,0-20,1
7,17.68,3.11,0.18,0-20,1
7,18.02,3.12,0.17,0-20,1
7,18.0,3.19,0.18,0-20,1
7,18.93,3.19,0.17,0-20,1
7,18.71,3.07,0.16,0-20,1
7,17.51,3.13,0.18,0-20,1
7,19.06,3.17,0.17,0-20,1
7,18.08,3.11,0.17,0-20,1
7,18.63,3.15,0.17,0-20,1
7,18.9,3.19,0.17,0-20,1
7,18.16,3.06,0.17,0-20,1
7,17.85,3.07,0.17,0-20,1
7,18.2,3.06,0.17,0-20,1
7,17.59,3.23,0.18,0-20,1
7,17.66,2.98,0.17,0-20,1
7,19.02,3.21,0.17,0-20,1
7,17.47,2.93,0.17,0-20,1
7,18.5,3.26,0.18,0-20,1
7,17.84,3.07,0.17,0-20,1
7,17.54,3.18,0.18,0-20,1
7,18.49,2.89,0.16,0-20,1
7,19.16,3.04,0.16,0-20,1
7,17.47,3.06,0.18,0-20,1
7,19.12,3.08,0.16,0-20,1
7,18.65,3.13,0.17,0-20,1
7,17.98,3.16,0.18,0-20,1
7,18.67,3.27,0.18,0-20,1
7,17.57,2.89,0.16,0-20,1
7,18.48,3.07,0.17,0-20,1
7,18.78,3.08,0.16,0-20,1
7,17.51,3.04,0.17,0-20,1
7,18.4,3.11,0.17,0-20,1
7,17.55,2.93,0.17,0-20,1
7,18.32,3.18,0.17,0-20,1
7,17.99,3.06,0.17,0-20,1
7,17.87,3.15,0.18,0-20,1
7,18.01,3.0,0.17,0-20,1
7,18.37,3.16,0.17,0-20,1
7,18.06,3.09,0.17,0-20,1
7,17.93,3.24,0.18,0-20,1
7,17.44,3.2,0.18,0-20,1
7,19.08,3.04,0.16,0-20,1
7,17.8,3.09,0.17,0-20,1
7,17.85,2.94,0.16,0-20,1
7,18.4,3.26,0.18,0-20,1
7,18.91,3.22,0.17,0-20,1
7,17.42,2.94,0.17,0-20,1
7,18.94,3.36,0.18,0-20,1
7,17.73,3.09,0.17,0-20,1
7,18.57,3.26,0.18,0-20,1
7,18.51,3.18,0.17,0-20,1
7,18.44,3.07,0.17,0-20,1
7,18.05,2.8,0.16,0-20,1
7,17.42,3.09,0.18,0-20,1
7,19.06,3.33,0.17,0-20,1
7,19.01,2.89,0.15,0-20,1
7,18.31,3.04,0.17,0-20,1
7,17.43,3.25,0.19,0-20,1
7,18.38,3.02,0.16,0-20,1
7,18.01,3.26,0.18,0-20,1
7,17.79,3.03,0.17,0-20,1
7,17.65,2.99,0.17,0-20,1
7,17.74,3.05,0.17,0-20,1
7,18.21,3.13,0.17,0-20,1
7,17.87,2.93,0.16,0-20,1
7,18.63,3.04,0.16,0-20,1
7,19.06,3.15,0.17,0-20,1
7,17.46,3.15,0.18,0-20,1
7,18.65,3.16,0.17,0-20,1
7,17.59,2.83,0.16,0-20,1
7,18.29,3.26,0.18,0-20,1
7,18.58,3.15,0.17,0-20,1
7,17.7,2.97,0.17,0-20,1
7,19.18,3.2,0.17,0-20,1
7,18.17,3.19,0.18,0-20,1
7,18.0,3.03,0.17,0-20,1
7,19.1,2.97,0.16,0-20,1
7,17.8,3.22,0.18,0-20,1
7,18.11,3.17,0.18,0-20,1
7,17.5,3.17,0.18,0-20,1
7,17.45,3.12,0.18,0-20,1
7,17.68,3.15,0.18,0-20,1
7,17.9,2.99,0.17,0-20,1
7,18.6,3.08,0.17,0-20,1
7,18.82,3.19,0.17,0-20,1
7,18.97,3.18,0.17,0-20,1
7,17.6,3.17,0.18,0-20,1
7,18.83,3.27,0.17,0-20,1
7,17.7,3.26,0.18,0-20,1
7,17.62,2.9,0.16,0-20,1
7,17.94,3.09,0.17,0-20,1
7,18.49,3.05,0.17,0-20,1
7,17.53,2.94,0.17,0-20,1
7,17.36,3.1,0.18,0-20,1
7,17.47,3.15,0.18,0-20,1
7,17.7,3.27,0.18,0-20,1
7,19.36,3.0,0.15,0-20,1
7,17.99,3.13,0.17,0-20,1
7,17.84,3.11,0.17,0-20,1
7,17.75,3.24,0.18,0-20,1
7,17.94,3.13,0.17,0-20,1
7,17.72,3.07,0.17,0-20,1
7,18.01,3.23,0.18,0-20,1
7,18.0,2.97,0.17,0-20,1
7,17.62,3.18,0.18,0-20,1
7,17.82,3.28,0.18,0-20,1
7,18.06,3.06,0.17,0-20,1
7,18.03,3.12,0.17,0-20,1
7,18.09,3.26,0.18,0-20,1
7,18.35,3.01,0.16,0-20,1
7,19.48,3.35,0.17,0-20,1
7,17.54,3.13,0.18,0-20,1
7,18.49,3.13,0.17,0-20,1
7,18.48,3.14,0.17,0-20,1
7,17.61,3.25,0.18,0-20,1
7,18.28,3.1,0.17,0-20,1
7,18.91,3.04,0.16,0-20,1
7,18.45,3.25,0.18,0-20,1
7,18.45,3.3,0.18,0-20,1
7,17.66,3.27,0.18,0-20,1
7,18.34,2.95,0.16,0-20,1
7,19.07,3.21,0.17,0-20,1
7,18.31,3.07,0.17,0-20,1
7,17.65,3.11,0.18,0-20,1
7,18.74,3.16,0.17,0-20,1
7,18.36,3.38,0.18,0-20,1
7,17.87,2.97,0.17,0-20,1
7,19.09,3.3,0.17,0-20,1
7,17.86,3.2,0.18,0-20,1
7,18.88,3.2,0.17,0-20,1
7,17.68,2.83,0.16,0-20,1
7,18.84,3.08,0.16,0-20,1
7,18.32,3.22,0.18,0-20,1
7,17.63,3.14,0.18,0-20,1
7,18.57,3.05,0.16,0-20,1
7,17.73,2.95,0.17,0-20,1
7,18.53,3.0,0.16,0-20,1
7,17.81,3.07,0.17,0-20,1
7,17.97,3.18,0.18,0-20,1
7,17.34,3.06,0.18,0-20,1
7,18.07,3.04,0.17,0-20,1
7,18.04,3.14,0.17,0-20,1
7,18.19,2.95,0.16,0-20,1
7,17.76,3.08,0.17,0-20,1
7,18.65,3.14,0.17,0-20,1
7,17.64,3.12,0.18,0-20,1
7,17.99,3.03,0.17,0-20,1
7,17.63,3.07,0.17,0-20,1
7,18.93,3.12,0.16,0-20,1
7,17.81,3.2,0.18,0-20,1
7,17.84,2.98,0.17,0-20,1
7,18.08,3.03,0.17,0-20,1
7,17.53,3.0,0.17,0-20,1
7,18.53,3.11,0.17,0-20,1
7,19.3,3.1,0.16,0-20,1
7,17.51,3.11,0.18,0-20,1
7,18.24,3.07,0.17,0-20,1
7,18.41,3.07,0.17,0-20,1
7,17.82,3.17,0.18,0-20,1
7,18.71,3.18,0.17,0-20,1
7,18.05,3.05,0.17,0-20,1
7,18.16,3.16,0.17,0-20,1
7,17.98,3.22,0.18,0-20,1
7,17.51,2.99,0.17,0-20,1
7,18.59,3.22,0.17,0-20,1
7,18.09,3.1,0.17,0-20,1
7,18.09,3.18,0.18,0-20,1
7,17.43,3.1,0.18,0-20,1
7,19.02,3.2,0.17,0-20,1
7,17.51,3.17,0.18,0-20,1
7,17.9,3.18,0.18,0-20,1
7,17.56,3.14,0.18,0-20,1
7,18.19,3.17,0.17,0-20,1
7,18.29,3.22,0.18,0-20,1
7,17.75,3.07,0.17,0-20,1
7,18.04,3.08,0.17,0-20,1
7,17.72,3.05,0.17,0-20,1
7,18.36,3.13,0.17,0-20,1
7,18.15,3.06,0.17,0-20,1
7,17.7,2.82,0.16,0-20,1
7,17.72,3.15,0.18,0-20,1
7,18.0,3.06,0.17,0-20,1
7,18.8,3.28,0.17,0-20,1
7,18.1,3.18,0.18,0-20,1
7,17.78,3.0,0.17,0-20,1
7,18.48,2.97,0.16,0-20,1
7,18.61,3.11,0.17,0-20,1
7,18.46,3.31,0.18,0-20,1
7,19.2,3.28,0.17,0-20,1
7,18.04,3.09,0.17,0-20,1
7,18.28,3.04,0.17,0-20,1
7,17.43,3.06,0.18,0-20,1
7,18.34,3.15,0.17,0-20,1
7,18.66,3.21,0.17,0-20,1
7,19.28,3.18,0.16,0-20,1
7,18.25,3.1,0.17,0-20,1
7,17.98,3.0,0.17,0-20,1
7,18.21,3.24,0.18,0-20,1
7,17.64,2.9,0.16,0-20,1
7,18.87,3.15,0.17,0-20,1
7,18.54,3.28,0.18,0-20,1
7,18.57,3.11,0.17,0-20,1
7,17.6,2.95,0.17,0-20,1
7,18.0,3.16,0.18,0-20,1
7,18.4,3.03,0.16,0-20,1
7,18.98,3.05,0.16,0-20,1
7,17.55,2.95,0.17,0-20,1
7,17.38,3.1,0.18,0-20,1
7,17.67,3.24,0.18,0-20,1
7,17.97,3.14,0.17,0-20,1
7,18.1,2.97,0.16,0-20,1
7,17.63,2.77,0.16,0-20,1
7,18.23,2.98,0.16,0-20,1
7,18.98,3.06,0.16,0-20,1
7,18.12,3.05,0.17,0-20,1
7,18.92,3.11,0.16,0-20,1
7,18.93,3.02,0.16,0-20,1
7,17.9,3.05,0.17,0-20,1
7,17.78,2.99,0.17,0-20,1
7,19.25,3.21,0.17,0-20,1
7,17.81,3.15,0.18,0-20,1
7,17.95,3.06,0.17,0-20,1
7,18.53,3.16,0.17,0-20,1
7,17.98,2.91,0.16,0-20,1
7,17.47,3.18,0.18,0-20,1
7,18.39,2.94,0.16,0-20,1
7,17.4,3.22,0.18,0-20,1
7,17.7,3.16,0.18,0-20,1
7,18.37,3.19,0.17,0-20,1
7,17.86,3.12,0.17,0-20,1
7,18.1,2.88,0.16,0-20,1
7,17.96,3.02,0.17,0-20,1
7,18.62,3.12,0.17,0-20,1
7,18.48,3.01,0.16,0-20,1
7,18.26,3.36,0.18,0-20,1
7,18.75,3.11,0.17,0-20,1
7,17.58,3.2,0.18,0-20,1
7,17.35,3.06,0.18,0-20,1
7,18.95,3.32,0.18,0-20,1
7,18.4,3.15,0.17,0-20,1
7,18.18,2.98,0.16,0-20,1
7,17.93,3.05,0.17,0-20,1
7,17.41,3.25,0.19,0-20,1
7,18.25,3.09,0.17,0-20,1
7,18.06,3.03,0.17,0-20,1
7,17.72,3.34,0.19,0-20,1
7,17.89,3.09,0.17,0-20,1
7,17.96,3.15,0.18,0-20,1
7,17.74,2.89,0.16,0-20,1
7,18.54,2.96,0.16,0-20,1
7,17.55,3.11,0.18,0-20,1
7,17.83,3.05,0.17,0-20,1
7,18.62,3.09,0.17,0-20,1
7,17.66,3.1,0.18,0-20,1
7,19.03,3.41,0.18,0-20,1
7,18.46,3.06,0.17,0-20,1
7,17.72,3.21,0.18,0-20,1
7,17.35,2.98,0.17,0-20,1
7,17.74,2.94,0.17,0-20,1
7,17.89,3.28,0.18,0-20,1
7,18.43,3.1,0.17,0-20,1
7,18.28,3.11,0.17,0-20,1
7,17.35,3.03,0.17,0-20,1
7,18.74,3.05,0.16,0-20,1
7,18.08,2.95,0.16,0-20,1
7,18.25,3.12,0.17,0-20,1
7,17.42,2.97,0.17,0-20,1
7,17.51,3.12,0.18,0-20,1
7,18.94,2.96,0.16,0-20,1
7,18.91,3.32,0.18,0-20,1
7,18.75,3.28,0.17,0-20,1
7,18.49,3.1,0.17,0-20,1
7,18.69,3.26,0.17,0-20,1
7,18.13,3.07,0.17,0-20,1
7,18.64,3.11,0.17,0-20,1
7,17.99,2.98,0.17,0-20,1
7,18.06,3.33,0.18,0-20,1
7,17.39,2.98,0.17,0-20,1
7,18.14,3.24,0.18,0-20,1
7,17.63,3.2,0.18,0-20,1
7,19.26,3.17,0.16,0-20,1
7,17.88,3.3,0.18,0-20,1
7,18.3,3.15,0.17,0-20,1
7,18.22,3.11,0.17,0-20,1
7,18.13,3.09,0.17,0-20,1
7,17.64,3.11,0.18,0-20,1
7,17.52,2.99,0.17,0-20,1
7,18.47,3.03,0.16,0-20,1
7,17.8,3.03,0.17,0-20,1
7,18.2,3.05,0.17,0-20,1
7,17.49,3.09,0.18,0-20,1
7,18.84,3.13,0.17,0-20,1
7,17.69,3.15,0.18,0-20,1
7,18.9,3.0,0.16,0-20,1
7,18.81,3.03,0.16,0-20,1
7,17.89,3.08,0.17,0-20,1
7,17.43,3.14,0.18,0-20,1
7,17.48,3.16,0.18,0-20,1
7,17.94,2.98,0.17,0-20,1
7,18.0,3.36,0.19,0-20,1
7,18.5,3.28,0.18,0-20,1
7,17.72,3.24,0.18,0-20,1
7,18.51,3.08,0.17,0-20,1
7,17.41,3.05,0.18,0-20,1
7,17.63,3.16,0.18,0-20,1
7,18.99,3.28,0.17,0-20,1
7,19.01,2.9,0.15,0-20,1
7,18.09,3.16,0.17,0-20,1
7,18.01,3.15,0.18,0-20,1
7,19.16,3.07,0.16,0-20,1
7,18.33,3.03,0.17,0-20,1
7,17.78,3.13,0.18,0-20,1
7,17.51,2.85,0.16,0-20,1
7,17.72,3.1,0.17,0-20,1
7,17.77,3.04,0.17,0-20,1
7,18.75,2.93,0.16,0-20,1
7,17.74,3.28,0.18,0-20,1
7,18.74,3.1,0.17,0-20,1
7,18.96,3.27,0.17,0-20,1
7,18.03,3.1,0.17,0-20,1
7,18.27,2.98,0.16,0-20,1
7,17.53,3.3,0.19,0-20,1
7,19.28,3.1,0.16,0-20,1
7,17.98,3.02,0.17,0-20,1
7,18.64,3.32,0.18,0-20,1
7,18.92,3.04,0.16,0-20,1
7,17.98,3.14,0.17,0-20,1
7,17.78,3.17,0.18,0-20,1
7,18.56,3.11,0.17,0-20,1
7,18.45,3.0,0.16,0-20,1
7,17.65,3.07,0.17,0-20,1
7,18.41,3.13,0.17,0-20,1
7,18.12,3.12,0.17,0-20,1
7,18.54,3.27,0.18,0-20,1
7,17.9,3.39,0.19,0-20,1
7,17.98,3.17,0.18,0-20,1
7,19.01,3.04,0.16,0-20,1
7,17.97,3.35,0.19,0-20,1
7,18.03,3.04,0.17,0-20,1
8,32.52,6.23,0.19,0-20,2
8,30.18,6.13,0.2,0-20,2
8,28.61,6.04,0.21,0-20,2
8,28.38,6.08,0.21,0-20,2
8,30.09,6.09,0.2,0-20,2
8,31.94,6.15,0.19,0-20,2
8,31.9,6.15,0.19,0-20,2
8,28.14,6.05,0.22,0-20,2
8,31.92,6.19,0.19,0-20,2
8,33.85,6.27,0.19,0-20,2
8,28.27,6.03,0.21,0-20,2
8,28.64,6.09,0.21,0-20,2
8,32.11,6.17,0.19,0-20,2
8,31.87,6.15,0.19,0-20,2
8,28.69,6.08,0.21,0-20,2
8,28.31,6.06,0.21,0-20,2
8,31.71,6.17,0.19,0-20,2
8,29.89,6.1,0.2,0-20,2
8,30.46,6.13,0.2,0-20,2
8,29.5,6.16,0.21,0-20,2
8,31.42,6.13,0.2,0-20,2
8,31.24,6.14,0.2,0-20,2
8,29.54,6.11,0.21,0-20,2
8,32.48,6.18,0.19,0-20,2
8,32.27,6.21,0.19,0-20,2
8,30.4,6.13,0.2,0-20,2
8,29.4,6.07,0.21,0-20,2
8,32.72,6.2,0.19,0-20,2
8,30.43,6.1,0.2,0-20,2
8,30.85,6.16,0.2,0-20,2
8,29.66,6.09,0.21,0-20,2
8,29.65,6.1,0.21,0-20,2
8,31.09,6.12,0.2,0-20,2
8,29.72,6.05,0.2,0-20,2
8,33.06,6.21,0.19,0-20,2
8,33.2,6.23,0.19,0-20,2
8,28.15,6.07,0.22,0-20,2
8,30.39,6.07,0.2,0-20,2
8,29.87,6.15,0.21,0-20,2
8,29.65,6.12,0.21,0-20,2
8,31.97,6.18,0.19,0-20,2
8,29.2,6.04,0.21,0-20,2
8,28.91,6.03,0.21,0-20,2
8,31.86,6.16,0.19,0-20,2
8,28.47,6.04,0.21,0-20,2
8,29.93,6.09,0.2,0-20,2
8,29.96,6.13,0.2,0-20,2
8,32.87,6.23,0.19,0-20,2
8,29.28,6.1,0.21,0-20,2
8,29.61,6.11,0.21,0-20,2
8,33.07,6.2,0.19,0-20,2
8,28.5,6.07,0.21,0-20,2
8,28.06,6.11,0.22,0-20,2
8,33.66,6.22,0.18,0-20,2
8,33.15,6.22,0.19,0-20,2
8,32.01,6.2,0.19,0-20,2
8,30.4,6.12,0.2,0-20,2
8,29.83,6.07,0.2,0-20,2
8,31.97,6.16,0.19,0-20,2
8,31.04,6.12,0.2,0-20,2
8,31.38,6.16,0.2,0-20,2
8,32.23,6.17,0.19,0-20,2
8,32.78,6.15,0.19,0-20,2
8,30.52,6.13,0.2,0-20,2
8,32.23,6.14,0.19,0-20,2
8,30.43,6.14,0.2,0-20,2
8,30.93,6.11,0.2,0-20,2
8,32.19,6.19,0.19,0-20,2
8,32.02,6.18,0.19,0-20,2
8,31.21,6.16,0.2,0-20,2
8,31.47,6.15,0.2,0-20,2
8,33.26,6.26,0.19,0-20,2
8,31.03,6.14,0.2,0-20,2
8,29.21,6.05,0.21,0-20,2
8,30.7,6.12,0.2,0-20,2
8,32.0,6.22,0.19,0-20,2
8,30.15,6.13,0.2,0-20,2
8,31.56,6.19,0.2,0-20,2
8,28.19,6.07,0.22,0-20,2
8,30.72,6.1,0.2,0-20,2
8,32.58,6.15,0.19,0-20,2
8,31.61,6.16,0.19,0-20,2
8,31.93,6.19,0.19,0-20,2
8,29.73,6.13,0.21,0-20,2
8,30.92,6.13,0.2,0-20,2
8,30.12,6.08,0.2,0-20,2
8,30.26,6.11,0.2,0-20,2
8,29.19,6.05,0.21,0-20,2
8,30.01,6.12,0.2,0-20,2
8,31.23,6.19,0.2,0-20,2
8,28.65,6.06,0.21,0-20,2
8,31.55,6.16,0.2,0-20,2
8,32.59,6.24,0.19,0-20,2
8,32.58,6.22,0.19,0-20,2
8,32.66,6.16,0.19,0-20,2
8,31.92,6.16,0.19,0-20,2
8,32.12,6.12,0.19,0-20,2
8,33.86,6.23,0.18,0-20,2
8,32.59,6.2,0.19,0-20,2
8,31.76,6.17,0.19,0-20,2
8,33.05,6.22,0.19,0-20,2
8,33.17,6.2,0.19,0-20,2
8,32.42,6.25,0.19,0-20,2
8,30.9,6.16,0.2,0-20,2
8,32.25,6.21,0.19,0-20,2
8,31.03,6.2,0.2,0-20,2
8,29.92,6.12,0.2,0-20,2
8,28.18,6.02,0.21,0-20,2
8,29.22,6.11,0.21,0-20,2
8,29.01,6.08,0.21,0-20,2
8,32.56,6.19,0.19,0-20,2
8,33.45,6.27,0.19,0-20,2
8,31.37,6.13,0.2,0-20,2
8,29.78,6.11,0.21,0-20,2
8,33.07,6.23,0.19,0-20,2
8,31.83,6.14,0.19,0-20,2
8,32.68,6.22,0.19,0-20,2
8,29.43,6.09,0.21,0-20,2
8,30.29,6.12,0.2,0-20,2
8,30.73,6.1,0.2,0-20,2
8,30.99,6.19,0.2,0-20,2
8,31.23,6.14,0.2,0-20,2
8,32.1,6.18,0.19,0-20,2
8,29.95,6.1,0.2,0-20,2
8,29.04,6.05,0.21,0-20,2
8,32.71,6.18,0.19,0-20,2
8,29.94,6.14,0.2,0-20,2
8,33.03,6.22,0.19,0-20,2
8,31.28,6.13,0.2,0-20,2
8,30.8,6.16,0.2,0-20,2
8,32.4,6.17,0.19,0-20,2
8,31.73,6.15,0.19,0-20,2
8,30.78,6.14,0.2,0-20,2
8,32.51,6.21,0.19,0-20,2
8,32.66,6.24,0.19,0-20,2
8,31.44,6.18,0.2,0-20,2
8,32.97,6.2,0.19,0-20,2
8,30.24,6.07,0.2,0-20,2
8,31.77,6.21,0.2,0-20,2
8,31.67,6.17,0.19,0-20,2
8,30.54,6.11,0.2,0-20,2
8,31.63,6.21,0.2,0-20,2
8,28.68,6.06,0.21,0-20,2
8,33.23,6.2,0.19,0-20,2
8,32.01,6.27,0.2,0-20,2
8,29.7,6.11,0.21,0-20,2
8,33.82,6.21,0.18,0-20,2
8,32.18,6.19,0.19,0-20,2
8,30.07,6.16,0.2,0-20,2
8,32.26,6.15,0.19,0-20,2
8,33.61,6.21,0.18,0-20,2
8,29.16,6.09,0.21,0-20,2
8,31.1,6.16,0.2,0-20,2
8,30.14,6.15,0.2,0-20,2
8,33.35,6.26,0.19,0-20,2
8,31.73,6.14,0.19,0-20,2
8,32.08,6.24,0.19,0-20,2
8,31.11,6.1,0.2,0-20,2
8,30.16,6.09,0.2,0-20,2
8,31.6,6.17,0.2,0-20,2
8,33.09,6.2,0.19,0-20,2
8,32.55,6.1,0.19,0-20,2
8,30.03,6.11,0.2,0-20,2
8,29.85,6.09,0.2,0-20,2
8,29.97,6.11,0.2,0-20,2
8,29.23,6.1,0.21,0-20,2
8,31.37,6.19,0.2,0-20,2
8,29.41,6.09,0.21,0-20,2
8,29.63,6.1,0.21,0-20,2
8,29.13,6.1,0.21,0-20,2
8,27.75,6.01,0.22,0-20,2
8,32.18,6.22,0.19,0-20,2
8,30.31,6.13,0.2,0-20,2
8,31.04,6.17,0.2,0-20,2
8,32.82,6.21,0.19,0-20,2
8,29.99,6.09,0.2,0-20,2
8,31.16,6.14,0.2,0-20,2
8,33.19,6.2,0.19,0-20,2
8,29.75,6.12,0.21,0-20,2
8,29.99,6.11,0.2,0-20,2
8,30.2,6.18,0.2,0-20,2
8,28.77,6.07,0.21,0-20,2
8,33.84,6.19,0.18,0-20,2
8,31.1,6.12,0.2,0-20,2
8,33.29,6.21,0.19,0-20,2
8,30.94,6.11,0.2,0-20,2
8,32.13,6.18,0.19,0-20,2
8,30.76,6.13,0.2,0-20,2
8,30.75,6.17,0.2,0-20,2
8,33.47,6.26,0.19,0-20,2
8,33.25,6.18,0.19,0-20,2
8,29.84,6.03,0.2,0-20,2
8,31.17,6.15,0.2,0-20,2
8,31.22,6.19,0.2,0-20,2
8,29.24,6.1,0.21,0-20,2
8,32.68,6.14,0.19,0-20,2
8,31.96,6.18,0.19,0-20,2
8,30.89,6.1,0.2,0-20,2
8,31.4,6.18,0.2,0-20,2
8,31.910000000000004,6.23,0.2,0-20,2
8,27.76,6.01,0.22,0-20,2
8,30.65,6.17,0.2,0-20,2
8,30.92,6.12,0.2,0-20,2
8,30.94,6.16,0.2,0-20,2
8,31.22,6.18,0.2,0-20,2
8,31.9,6.18,0.19,0-20,2
8,31.25,6.15,0.2,0-20,2
8,29.78,6.1,0.2,0-20,2
8,30.96,6.11,0.2,0-20,2
8,32.06,6.18,0.19,0-20,2
8,30.97,6.14,0.2,0-20,2
8,31.6,6.16,0.2,0-20,2
8,32.43,6.2,0.19,0-20,2
8,31.02,6.11,0.2,0-20,2
8,31.38,6.12,0.2,0-20,2
8,30.11,6.14,0.2,0-20,2
8,33.57,6.17,0.18,0-20,2
8,31.32,6.14,0.2,0-20,2
8,29.79,6.09,0.2,0-20,2
8,31.83,6.13,0.19,0-20,2
8,32.15,6.13,0.19,0-20,2
8,28.81,6.1,0.21,0-20,2
8,29.88,6.12,0.2,0-20,2
8,32.82,6.18,0.19,0-20,2
8,31.17,6.17,0.2,0-20,2
8,31.18,6.2,0.2,0-20,2
8,32.91,6.17,0.19,0-20,2
8,30.53,6.15,0.2,0-20,2
8,31.59,6.1,0.19,0-20,2
8,28.26,6.05,0.21,0-20,2
8,31.04,6.16,0.2,0-20,2
8,31.2,6.16,0.2,0-20,2
8,33.32,6.2,0.19,0-20,2
8,29.78,6.08,0.2,0-20,2
8,29.6,6.1,0.21,0-20,2
8,30.74,6.13,0.2,0-20,2
8,31.36,6.14,0.2,0-20,2
8,32.31,6.13,0.19,0-20,2
8,31.509999999999998,6.16,0.2,0-20,2
8,31.47,6.19,0.2,0-20,2
8,31.55,6.23,0.2,0-20,2
8,31.56,6.12,0.19,0-20,2
8,29.72,6.11,0.21,0-20,2
8,31.55,6.12,0.19,0-20,2
8,32.75,6.17,0.19,0-20,2
8,31.29,6.16,0.2,0-20,2
8,30.81,6.15,0.2,0-20,2
8,30.07,6.12,0.2,0-20,2
8,30.57,6.13,0.2,0-20,2
8,32.84,6.17,0.19,0-20,2
8,32.94,6.19,0.19,0-20,2
8,30.39,6.13,0.2,0-20,2
8,30.79,6.09,0.2,0-20,2
8,32.97,6.19,0.19,0-20,2
8,30.05,6.11,0.2,0-20,2
8,29.15,6.05,0.21,0-20,2
8,32.09,6.15,0.19,0-20,2
8,31.26,6.14,0.2,0-20,2
8,33.39,6.23,0.19,0-20,2
8,28.56,6.05,0.21,0-20,2
8,31.32,6.13,0.2,0-20,2
8,32.61,6.16,0.19,0-20,2
8,31.0,6.15,0.2,0-20,2
8,32.03,6.2,0.19,0-20,2
8,30.86,6.13,0.2,0-20,2
8,30.11,6.07,0.2,0-20,2
8,32.15,6.21,0.19,0-20,2
8,29.63,6.09,0.21,0-20,2
8,31.9,6.14,0.19,0-20,2
8,32.82,6.22,0.19,0-20,2
8,30.57,6.12,0.2,0-20,2
8,29.46,6.1,0.21,0-20,2
8,30.16,6.15,0.2,0-20,2
8,28.74,6.08,0.21,0-20,2
8,28.47,6.05,0.21,0-20,2
8,31.17,6.12,0.2,0-20,2
8,32.09,6.16,0.19,0-20,2
8,31.810000000000002,6.15,0.19,0-20,2
8,32.4,6.19,0.19,0-20,2
8,31.23,6.16,0.2,0-20,2
8,31.82,6.1,0.19,0-20,2
8,30.88,6.18,0.2,0-20,2
8,30.93,6.1,0.2,0-20,2
8,28.91,6.1,0.21,0-20,2
8,28.87,6.05,0.21,0-20,2
8,31.910000000000004,6.18,0.19,0-20,2
8,30.53,6.14,0.2,0-20,2
8,32.34,6.18,0.19,0-20,2
8,32.29,6.16,0.19,0-20,2
8,29.06,6.09,0.21,0-20,2
8,30.85,6.13,0.2,0-20,2
8,30.88,6.11,0.2,0-20,2
8,31.12,6.14,0.2,0-20,2
8,33.31,6.19,0.19,0-20,2
8,31.2,6.15,0.2,0-20,2
8,31.45,6.17,0.2,0-20,2
8,30.88,6.15,0.2,0-20,2
8,31.59,6.2,0.2,0-20,2
8,32.64,6.19,0.19,0-20,2
8,29.9,6.15,0.21,0-20,2
8,31.01,6.14,0.2,0-20,2
8,29.77,6.05,0.2,0-20,2
8,32.59,6.14,0.19,0-20,2
8,29.94,6.06,0.2,0-20,2
8,28.15,6.08,0.22,0-20,2
8,31.64,6.11,0.19,0-20,2
8,31.78,6.1,0.19,0-20,2
8,31.23,6.15,0.2,0-20,2
8,30.99,6.12,0.2,0-20,2
8,32.39,6.25,0.19,0-20,2
8,31.61,6.18,0.2,0-20,2
8,31.44,6.14,0.2,0-20,2
8,33.11,6.18,0.19,0-20,2
8,31.77,6.16,0.19,0-20,2
8,30.66,6.15,0.2,0-20,2
8,30.25,6.08,0.2,0-20,2
8,29.73,6.12,0.21,0-20,2
8,32.08,6.15,0.19,0-20,2
8,31.04,6.15,0.2,0-20,2
8,32.54,6.2,0.19,0-20,2
8,32.07,6.18,0.19,0-20,2
8,31.52,6.15,0.2,0-20,2
8,28.92,6.11,0.21,0-20,2
8,30.49,6.1,0.2,0-20,2
8,31.509999999999998,6.17,0.2,0-20,2
8,28.65,6.08,0.21,0-20,2
8,32.09,6.23,0.19,0-20,2
8,29.35,6.07,0.21,0-20,2
8,31.58,6.18,0.2,0-20,2
8,28.62,6.03,0.21,0-20,2
8,33.33,6.23,0.19,0-20,2
8,29.12,6.08,0.21,0-20,2
8,31.29,6.14,0.2,0-20,2
8,30.27,6.12,0.2,0-20,2
8,32.69,6.18,0.19,0-20,2
8,32.21,6.18,0.19,0-20,2
8,33.18,6.21,0.19,0-20,2
8,32.51,6.22,0.19,0-20,2
8,32.87,6.19,0.19,0-20,2
8,31.25,6.14,0.2,0-20,2
8,30.6,6.12,0.2,0-20,2
8,29.92,6.08,0.2,0-20,2
8,30.79,6.12,0.2,0-20,2
8,31.43,6.18,0.2,0-20,2
8,32.06,6.19,0.19,0-20,2
8,29.85,6.11,0.2,0-20,2
8,31.03,6.1,0.2,0-20,2
8,32.82,6.2,0.19,0-20,2
8,31.57,6.2,0.2,0-20,2
8,31.14,6.18,0.2,0-20,2
8,29.58,6.09,0.21,0-20,2
8,28.42,6.05,0.21,0-20,2
8,31.77,6.15,0.19,0-20,2
8,30.77,6.09,0.2,0-20,2
8,32.49,6.19,0.19,0-20,2
8,31.06,6.16,0.2,0-20,2
8,28.86,6.07,0.21,0-20,2
8,32.2,6.21,0.19,0-20,2
8,29.97,6.06,0.2,0-20,2
8,33.0,6.18,0.19,0-20,2
8,31.47,6.13,0.19,0-20,2
8,33.16,6.19,0.19,0-20,2
8,31.92,6.15,0.19,0-20,2
8,31.1,6.18,0.2,0-20,2
8,29.0,6.07,0.21,0-20,2
8,32.55,6.19,0.19,0-20,2
8,31.36,6.18,0.2,0-20,2
8,31.59,6.18,0.2,0-20,2
8,28.17,6.05,0.21,0-20,2
8,31.3,6.12,0.2,0-20,2
8,30.99,6.11,0.2,0-20,2
8,30.36,6.14,0.2,0-20,2
8,33.36,6.29,0.19,0-20,2
8,28.83,6.06,0.21,0-20,2
8,31.810000000000002,6.2,0.19,0-20,2
8,31.89,6.12,0.19,0-20,2
8,32.73,6.17,0.19,0-20,2
8,30.07,6.17,0.21,0-20,2
8,30.1,6.13,0.2,0-20,2
8,31.07,6.15,0.2,0-20,2
8,29.91,6.08,0.2,0-20,2
8,32.28,6.22,0.19,0-20,2
8,29.79,6.06,0.2,0-20,2
8,30.61,6.11,0.2,0-20,2
8,31.77,6.18,0.19,0-20,2
8,32.38,6.16,0.19,0-20,2
8,28.68,6.05,0.21,0-20,2
8,33.14,6.21,0.19,0-20,2
8,32.03,6.19,0.19,0-20,2
8,32.4,6.26,0.19,0-20,2
8,30.03,6.08,0.2,0-20,2
8,29.17,6.05,0.21,0-20,2
8,32.1,6.21,0.19,0-20,2
8,31.34,6.17,0.2,0-20,2
8,27.99,6.05,0.22,0-20,2
8,31.33,6.17,0.2,0-20,2
8,30.39,6.09,0.2,0-20,2
8,32.24,6.14,0.19,0-20,2
8,32.37,6.23,0.19,0-20,2
8,30.44,6.1,0.2,0-20,2
8,29.96,6.12,0.2,0-20,2
8,28.86,6.09,0.21,0-20,2
8,30.61,6.12,0.2,0-20,2
8,32.6,6.2,0.19,0-20,2
8,31.740000000000002,6.15,0.19,0-20,2
8,29.63,6.06,0.2,0-20,2
8,31.96,6.19,0.19,0-20,2
8,31.33,6.15,0.2,0-20,2
8,32.32,6.19,0.19,0-20,2
8,31.43,6.13,0.19,0-20,2
8,29.44,6.07,0.21,0-20,2
8,32.35,6.18,0.19,0-20,2
8,29.66,6.08,0.21,0-20,2
8,30.89,6.18,0.2,0-20,2
8,31.5,6.14,0.19,0-20,2
8,29.92,6.13,0.2,0-20,2
8,32.83,6.2,0.19,0-20,2
8,29.48,6.11,0.21,0-20,2
8,31.22,6.15,0.2,0-20,2
8,31.73,6.16,0.19,0-20,2
8,30.84,6.14,0.2,0-20,2
8,31.46,6.14,0.2,0-20,2
8,32.27,6.2,0.19,0-20,2
8,30.56,6.11,0.2,0-20,2
8,30.61,6.08,0.2,0-20,2
8,30.56,6.12,0.2,0-20,2
8,29.66,6.11,0.21,0-20,2
8,32.81,6.25,0.19,0-20,2
8,31.62,6.14,0.19,0-20,2
